{
  "project_info": {
    "project_number": "750846966089",
    "project_id": "testopscnew",
    "storage_bucket": "testopscnew.appspot.com"
  },
  "client": [
    {
      "client_info": {
        "mobilesdk_app_id": "1:750846966089:android:a80084e7dc55f37b97c298",
        "android_client_info": {
          "package_name": "com.example.opsc_part2"
        }
      },
      "oauth_client": [
        {
          "client_id": "750846966089-rsjph5vktvr3popsv51gtrrr7aumaklr.apps.googleusercontent.com",
          "client_type": 3
        }
      ],
      "api_key": [
        {
          "current_key": "AIzaSyAX4mqxUa6bIEZrVJddRFrv07PBUI1Lkts"
        }
      ],
      "services": {
        "appinvite_service": {
          "other_platform_oauth_client": [
            {
              "client_id": "750846966089-rsjph5vktvr3popsv51gtrrr7aumaklr.apps.googleusercontent.com",
              "client_type": 3
            }
          ]
        }
      }
    }
  ],
  "configuration_version": "1"
}